STATE NAME,DISTRICT NAME,tau_per_teacher
JAMMU AND KASHMIR,KUPWARA,1.706087740320238e-07
JAMMU AND KASHMIR,BARAMULA,-2.341272495216091e-07
JAMMU AND KASHMIR,SRINAGAR,-2.341272495216091e-07
JAMMU AND KASHMIR,BADGAM,-3.196950268146199e-07
JAMMU AND KASHMIR,PULWAMA,-3.196950268146199e-07
JAMMU AND KASHMIR,ANANTNAG,-3.196950268146199e-07
JAMMU AND KASHMIR,LEH (LADAKH),-2.341272495216091e-07
JAMMU AND KASHMIR,KARGIL,2.1093953041192297e-07
JAMMU AND KASHMIR,DODA,1.6716844300631034e-07
JAMMU AND KASHMIR,UDHAMPUR,-3.196950268146199e-07
JAMMU AND KASHMIR,PUNCH,2.1093953041192297e-07
JAMMU AND KASHMIR,RAJAURI,1.706087740320238e-07
JAMMU AND KASHMIR,JAMMU,-2.341272495216091e-07
JAMMU AND KASHMIR,KATHUA,1.706087740320238e-07
JAMMU AND KASHMIR,SHOPIAN,-2.341272495216091e-07
JAMMU AND KASHMIR,BANDIPORA,2.1093953041192297e-07
JAMMU AND KASHMIR,KISHTWAR,-3.196950268146199e-07
JAMMU AND KASHMIR,RAMBAN,1.706087740320238e-07
JAMMU AND KASHMIR,GANDERBAL,-2.341272495216091e-07
JAMMU AND KASHMIR,KULGAM,-3.196950268146199e-07
JAMMU AND KASHMIR,REASI,2.1093953041192297e-07
JAMMU AND KASHMIR,SAMBA,1.6716844300631034e-07
HIMACHAL PRADESH,CHAMBA,2.1093953041192297e-07
HIMACHAL PRADESH,KANGRA,1.706087740320238e-07
HIMACHAL PRADESH,LAHUL AND SPITI,1.6716844300631034e-07
HIMACHAL PRADESH,KULLU,2.1093953041192297e-07
HIMACHAL PRADESH,MANDI,2.1093953041192297e-07
HIMACHAL PRADESH,HAMIRPUR (H,-2.341272495216091e-07
HIMACHAL PRADESH,UNA,1.6716844300631034e-07
HIMACHAL PRADESH,BILASPUR (H,1.706087740320238e-07
HIMACHAL PRADESH,SOLAN,-2.341272495216091e-07
HIMACHAL PRADESH,SIRMAUR,-3.196950268146199e-07
HIMACHAL PRADESH,SHIMLA,1.6716844300631034e-07
HIMACHAL PRADESH,KINNAUR,1.6716844300631034e-07
PUNJAB,GURDASPUR,1.706087740320238e-07
PUNJAB,AMRITSAR,1.6716844300631034e-07
PUNJAB,KAPURTHALA,-2.341272495216091e-07
PUNJAB,JALANDHAR,2.1093953041192297e-07
PUNJAB,HOSHIARPUR,-3.196950268146199e-07
PUNJAB,NAWANSHAHR,-3.196950268146199e-07
PUNJAB,RUPNAGAR,-3.196950268146199e-07
PUNJAB,FATEHGARH SAHIB,1.706087740320238e-07
PUNJAB,LUDHIANA,-3.196950268146199e-07
PUNJAB,MOGA,2.1093953041192297e-07
PUNJAB,FIROZPUR,1.6716844300631034e-07
PUNJAB,MUKTSAR,1.6716844300631034e-07
PUNJAB,FARIDKOT,-2.341272495216091e-07
PUNJAB,BATHINDA,1.706087740320238e-07
PUNJAB,MANSA,1.6716844300631034e-07
PUNJAB,SANGRUR,1.706087740320238e-07
PUNJAB,PATIALA,1.6716844300631034e-07
PUNJAB,MOHALI,-2.341272495216091e-07
PUNJAB,TARAN TARAN,-3.196950268146199e-07
PUNJAB,BARNALA,1.6716844300631034e-07
CHANDIGARH,CHANDIGARH,-2.341272495216091e-07
UTTARAKHAND,UTTARKASHI,1.6716844300631034e-07
UTTARAKHAND,CHAMOLI,-3.196950268146199e-07
UTTARAKHAND,RUDRAPRAYAG,-3.196950268146199e-07
UTTARAKHAND,TEHRI GARHWAL,-2.341272495216091e-07
UTTARAKHAND,DEHRADUN,1.706087740320238e-07
UTTARAKHAND,GARHWAL,1.706087740320238e-07
UTTARAKHAND,PITHORAGARH,-3.196950268146199e-07
UTTARAKHAND,BAGESHWAR,1.706087740320238e-07
UTTARAKHAND,ALMORA,1.6716844300631034e-07
UTTARAKHAND,CHAMPAWAT,2.1093953041192297e-07
UTTARAKHAND,NAINITAL,1.706087740320238e-07
UTTARAKHAND,UDHAM SINGH NAGAR,1.706087740320238e-07
UTTARAKHAND,HARDWAR,-3.196950268146199e-07
HARYANA,PANCHKULA,-3.196950268146199e-07
HARYANA,AMBALA,1.706087740320238e-07
HARYANA,YAMUNANAGAR,-2.341272495216091e-07
HARYANA,KURUKSHETRA,2.1093953041192297e-07
HARYANA,KAITHAL,2.1093953041192297e-07
HARYANA,KARNAL,-2.341272495216091e-07
HARYANA,PANIPAT,-3.196950268146199e-07
HARYANA,SONIPAT,2.1093953041192297e-07
HARYANA,JIND,-3.196950268146199e-07
HARYANA,FATEHABAD,2.1093953041192297e-07
HARYANA,SIRSA,-3.196950268146199e-07
HARYANA,HISAR,1.6716844300631034e-07
HARYANA,BHIWANI,-3.196950268146199e-07
HARYANA,ROHTAK,-3.196950268146199e-07
HARYANA,JHAJJAR,1.706087740320238e-07
HARYANA,MAHENDRAGARH,1.6716844300631034e-07
HARYANA,REWARI,1.6716844300631034e-07
HARYANA,GURGAON,1.706087740320238e-07
HARYANA,FARIDABAD,2.1093953041192297e-07
HARYANA,MEWAT,2.1093953041192297e-07
HARYANA,PALWAL,1.706087740320238e-07
DELHI,NORTH WEST DELHI,-2.341272495216091e-07
DELHI,NORTH DELHI,1.706087740320238e-07
DELHI,NORTH EAST DELHI,-2.341272495216091e-07
DELHI,EAST DELHI,1.706087740320238e-07
DELHI,NEW DELHI,-2.341272495216091e-07
DELHI,CENTRAL DELHI,1.6716844300631034e-07
DELHI,WEST DELHI,-3.196950268146199e-07
DELHI,SOUTH WEST DELHI,2.1093953041192297e-07
DELHI,SOUTH DELHI,-3.196950268146199e-07
RAJASTHAN,GANGANAGAR,-2.341272495216091e-07
RAJASTHAN,HANUMANGARH,1.6716844300631034e-07
RAJASTHAN,BIKANER,1.6716844300631034e-07
RAJASTHAN,CHURU,1.706087740320238e-07
RAJASTHAN,JHUNJHUNUN,-3.196950268146199e-07
RAJASTHAN,ALWAR,-3.196950268146199e-07
RAJASTHAN,BHARATPUR,-3.196950268146199e-07
RAJASTHAN,DHAULPUR,-2.341272495216091e-07
RAJASTHAN,KARAULI,-2.341272495216091e-07
RAJASTHAN,SAWAI MADHOPUR,1.706087740320238e-07
RAJASTHAN,Dausa,1.6716844300631034e-07
RAJASTHAN,JAIPUR,1.6716844300631034e-07
RAJASTHAN,SIKAR,-2.341272495216091e-07
RAJASTHAN,NAGAUR,1.706087740320238e-07
RAJASTHAN,JODHPUR,-2.341272495216091e-07
RAJASTHAN,JAISALMER,1.6716844300631034e-07
RAJASTHAN,BARMER,-2.341272495216091e-07
RAJASTHAN,JALOR,-2.341272495216091e-07
RAJASTHAN,SIROHI,1.6716844300631034e-07
RAJASTHAN,PALI,-3.196950268146199e-07
RAJASTHAN,AJMER,-3.196950268146199e-07
RAJASTHAN,TONK,1.706087740320238e-07
RAJASTHAN,BUNDI,1.706087740320238e-07
RAJASTHAN,BHILWARA,-3.196950268146199e-07
RAJASTHAN,RAJSAMAND,-2.341272495216091e-07
RAJASTHAN,UDAIPUR,-2.341272495216091e-07
RAJASTHAN,DUNGARPUR,-3.196950268146199e-07
RAJASTHAN,BANSWARA,-2.341272495216091e-07
RAJASTHAN,CHITTAURGARH,2.1093953041192297e-07
RAJASTHAN,KOTA,-2.341272495216091e-07
RAJASTHAN,BARAN,-3.196950268146199e-07
RAJASTHAN,JHALAWAR,2.1093953041192297e-07
RAJASTHAN,PRATAPGARH (RAJ,2.1093953041192297e-07
UTTAR PRADESH,SAHARANPUR,-2.341272495216091e-07
UTTAR PRADESH,MUZAFFARNAGAR,1.706087740320238e-07
UTTAR PRADESH,BIJNOR,-3.196950268146199e-07
UTTAR PRADESH,MORADABAD,1.6716844300631034e-07
UTTAR PRADESH,RAMPUR,1.706087740320238e-07
UTTAR PRADESH,JYOTIBA PHULE NAGAR,1.6716844300631034e-07
UTTAR PRADESH,MEERUT,1.6716844300631034e-07
UTTAR PRADESH,BAGHPAT,-2.341272495216091e-07
UTTAR PRADESH,GHAZIABAD,-3.196950268146199e-07
UTTAR PRADESH,GAUTAM BUDDHA NAGAR,2.1093953041192297e-07
UTTAR PRADESH,BULANDSHAHR,2.1093953041192297e-07
UTTAR PRADESH,ALIGARH,-2.341272495216091e-07
UTTAR PRADESH,HATHRAS,-2.341272495216091e-07
UTTAR PRADESH,MATHURA,2.1093953041192297e-07
UTTAR PRADESH,AGRA,1.6716844300631034e-07
UTTAR PRADESH,FIROZABAD,-3.196950268146199e-07
UTTAR PRADESH,ETAH,-3.196950268146199e-07
UTTAR PRADESH,MAINPURI,1.706087740320238e-07
UTTAR PRADESH,BUDAUN,2.1093953041192297e-07
UTTAR PRADESH,BAREILLY,1.6716844300631034e-07
UTTAR PRADESH,PILIBHIT,2.1093953041192297e-07
UTTAR PRADESH,SHAHJAHANPUR,2.1093953041192297e-07
UTTAR PRADESH,KHERI,-2.341272495216091e-07
UTTAR PRADESH,SITAPUR,1.6716844300631034e-07
UTTAR PRADESH,HARDOI,2.1093953041192297e-07
UTTAR PRADESH,UNNAO,1.6716844300631034e-07
UTTAR PRADESH,LUCKNOW,-3.196950268146199e-07
UTTAR PRADESH,RAE BARELI,1.6716844300631034e-07
UTTAR PRADESH,FARRUKHABAD,1.706087740320238e-07
UTTAR PRADESH,KANNAUJ,1.706087740320238e-07
UTTAR PRADESH,ETAWAH,-3.196950268146199e-07
UTTAR PRADESH,AURAIYA,-3.196950268146199e-07
UTTAR PRADESH,KANPUR DEHAT,1.6716844300631034e-07
UTTAR PRADESH,KANPUR NAGAR,-2.341272495216091e-07
UTTAR PRADESH,JALAUN,1.706087740320238e-07
UTTAR PRADESH,JHANSI,2.1093953041192297e-07
UTTAR PRADESH,LALITPUR,1.6716844300631034e-07
UTTAR PRADESH,HAMIRPUR (U,-2.341272495216091e-07
UTTAR PRADESH,MAHOBA,1.6716844300631034e-07
UTTAR PRADESH,BANDA,2.1093953041192297e-07
UTTAR PRADESH,CHITRAKOOT,-2.341272495216091e-07
UTTAR PRADESH,FATEHPUR,1.706087740320238e-07
UTTAR PRADESH,PRATAPGARH,-3.196950268146199e-07
UTTAR PRADESH,KAUSHAMBI,-2.341272495216091e-07
UTTAR PRADESH,ALLAHABAD,1.6716844300631034e-07
UTTAR PRADESH,BARABANKI,2.1093953041192297e-07
UTTAR PRADESH,FAIZABAD,1.6716844300631034e-07
UTTAR PRADESH,AMBEDKAR NAGAR,2.1093953041192297e-07
UTTAR PRADESH,Sultanpur,1.706087740320238e-07
UTTAR PRADESH,BAHRAICH,-3.196950268146199e-07
UTTAR PRADESH,SHRAWASTI,1.706087740320238e-07
UTTAR PRADESH,BALRAMPUR (U,-2.341272495216091e-07
UTTAR PRADESH,GONDA,2.1093953041192297e-07
UTTAR PRADESH,SIDDHARTHNAGAR,1.6716844300631034e-07
UTTAR PRADESH,BASTI,1.706087740320238e-07
UTTAR PRADESH,SANT KABIR NAGAR,-3.196950268146199e-07
UTTAR PRADESH,MAHARAJGANJ,1.706087740320238e-07
UTTAR PRADESH,GORAKHPUR,1.6716844300631034e-07
UTTAR PRADESH,KUSHINAGAR,-3.196950268146199e-07
UTTAR PRADESH,DEORIA,2.1093953041192297e-07
UTTAR PRADESH,AZAMGARH,-2.341272495216091e-07
UTTAR PRADESH,MAU,-3.196950268146199e-07
UTTAR PRADESH,BALLIA,2.1093953041192297e-07
UTTAR PRADESH,JAUNPUR,1.6716844300631034e-07
UTTAR PRADESH,GHAZIPUR,-3.196950268146199e-07
UTTAR PRADESH,CHANDAULI,2.1093953041192297e-07
UTTAR PRADESH,VARANASI,-3.196950268146199e-07
UTTAR PRADESH,MIRZAPUR,2.1093953041192297e-07
UTTAR PRADESH,SONBHADRA,1.6716844300631034e-07
UTTAR PRADESH,BHADOI,1.706087740320238e-07
UTTAR PRADESH,KANSHIRAM NAGAR,1.706087740320238e-07
BIHAR,PASHCHIM CHAMPARAN,1.6716844300631034e-07
BIHAR,PURBA CHAMPARAN,-2.341272495216091e-07
BIHAR,SHEOHAR,-2.341272495216091e-07
BIHAR,SITAMARHI,1.6716844300631034e-07
BIHAR,MADHUBANI,1.6716844300631034e-07
BIHAR,SUPAUL,1.706087740320238e-07
BIHAR,ARARIA,-2.341272495216091e-07
BIHAR,KISHANGANJ,2.1093953041192297e-07
BIHAR,PURNIA,2.1093953041192297e-07
BIHAR,KATIHAR,1.6716844300631034e-07
BIHAR,MADHEPURA,1.6716844300631034e-07
BIHAR,SAHARSA,-2.341272495216091e-07
BIHAR,DARBHANGA,-3.196950268146199e-07
BIHAR,MUZAFFARPUR,2.1093953041192297e-07
BIHAR,GOPALGANJ,1.6716844300631034e-07
BIHAR,SIWAN,-2.341272495216091e-07
BIHAR,SARAN,-3.196950268146199e-07
BIHAR,VAISHALI,1.6716844300631034e-07
BIHAR,SAMASTIPUR,-2.341272495216091e-07
BIHAR,BEGUSARAI,-2.341272495216091e-07
BIHAR,KHAGARIA,1.6716844300631034e-07
BIHAR,BHAGALPUR,1.706087740320238e-07
BIHAR,BANKA,1.706087740320238e-07
BIHAR,MUNGER,-2.341272495216091e-07
BIHAR,LAKHISARAI,1.6716844300631034e-07
BIHAR,SHEIKHPURA,1.6716844300631034e-07
BIHAR,NALANDA,1.6716844300631034e-07
BIHAR,PATNA,1.6716844300631034e-07
BIHAR,BHOJPUR,-2.341272495216091e-07
BIHAR,BUXAR,2.1093953041192297e-07
BIHAR,KAIMUR (BHABUA),-2.341272495216091e-07
BIHAR,ROHTAS,-3.196950268146199e-07
BIHAR,JEHANABAD,1.6716844300631034e-07
BIHAR,AURANGABAD (BIHAR),2.1093953041192297e-07
BIHAR,GAYA,-3.196950268146199e-07
BIHAR,NAWADA,-2.341272495216091e-07
BIHAR,JAMUI,-2.341272495216091e-07
BIHAR,ARWAL,-2.341272495216091e-07
SIKKIM,NORTH SIKKIM,-2.341272495216091e-07
SIKKIM,WEST SIKKIM,-3.196950268146199e-07
SIKKIM,SOUTH SIKKIM,1.706087740320238e-07
SIKKIM,EAST SIKKIM,2.1093953041192297e-07
ARUNACHAL PRADESH,TAWANG,-2.341272495216091e-07
ARUNACHAL PRADESH,WEST KAMENG,-3.196950268146199e-07
ARUNACHAL PRADESH,EAST KAMENG,-2.341272495216091e-07
ARUNACHAL PRADESH,PAPUM PARE,1.706087740320238e-07
ARUNACHAL PRADESH,LOWER SUBANSIRI,1.6716844300631034e-07
ARUNACHAL PRADESH,UPPER SUBANSIRI,-2.341272495216091e-07
ARUNACHAL PRADESH,WEST SIANG,1.706087740320238e-07
ARUNACHAL PRADESH,EAST SIANG,1.6716844300631034e-07
ARUNACHAL PRADESH,UPPER SIANG,2.1093953041192297e-07
ARUNACHAL PRADESH,DIBANG VALLEY,2.1093953041192297e-07
ARUNACHAL PRADESH,LOHIT,2.1093953041192297e-07
ARUNACHAL PRADESH,CHANGLANG,1.706087740320238e-07
ARUNACHAL PRADESH,TIRAP,-2.341272495216091e-07
ARUNACHAL PRADESH,KURUNG KUMEY,1.706087740320238e-07
ARUNACHAL PRADESH,LOWER DIBANG VALLEY,-2.341272495216091e-07
ARUNACHAL PRADESH,Anjaw,-3.196950268146199e-07
NAGALAND,MON,1.706087740320238e-07
NAGALAND,TUENSANG,-3.196950268146199e-07
NAGALAND,MOKOKCHUNG,1.706087740320238e-07
NAGALAND,ZUNHEBOTO,2.1093953041192297e-07
NAGALAND,WOKHA,2.1093953041192297e-07
NAGALAND,DIMAPUR,-2.341272495216091e-07
NAGALAND,KOHIMA,2.1093953041192297e-07
NAGALAND,PHEK,1.706087740320238e-07
NAGALAND,LONGLENG,1.706087740320238e-07
NAGALAND,KIPHIRE,2.1093953041192297e-07
NAGALAND,PEREN,-2.341272495216091e-07
MANIPUR,SENAPATI,1.6716844300631034e-07
MANIPUR,TAMENGLONG,-2.341272495216091e-07
MANIPUR,CHURACHANDPUR,1.706087740320238e-07
MANIPUR,BISHNUPUR,1.706087740320238e-07
MANIPUR,THOUBAL,1.6716844300631034e-07
MANIPUR,IMPHAL WEST,2.1093953041192297e-07
MANIPUR,IMPHAL EAST,1.706087740320238e-07
MANIPUR,UKHRUL,2.1093953041192297e-07
MANIPUR,CHANDEL,2.1093953041192297e-07
MIZORAM,MAMIT,1.6716844300631034e-07
MIZORAM,KOLASIB,2.1093953041192297e-07
MIZORAM,AIZAWL,2.1093953041192297e-07
MIZORAM,CHAMPHAI,-2.341272495216091e-07
MIZORAM,SERCHHIP,1.706087740320238e-07
MIZORAM,LUNGLEI,-3.196950268146199e-07
MIZORAM,LAWNGTLAI,1.706087740320238e-07
MIZORAM,SAIHA,1.6716844300631034e-07
TRIPURA,WEST TRIPURA,2.1093953041192297e-07
TRIPURA,SOUTH TRIPURA,-3.196950268146199e-07
TRIPURA,DHALAI,1.6716844300631034e-07
TRIPURA,NORTH TRIPURA,1.706087740320238e-07
MEGHALAYA,WEST GARO HILLS,-3.196950268146199e-07
MEGHALAYA,EAST GARO HILLS,-3.196950268146199e-07
MEGHALAYA,SOUTH GARO HILLS,1.6716844300631034e-07
MEGHALAYA,WEST KHASI HILLS,-2.341272495216091e-07
MEGHALAYA,RI BHOI,1.6716844300631034e-07
MEGHALAYA,EAST KHASI HILLS,2.1093953041192297e-07
MEGHALAYA,JAINTIA HILLS,1.6716844300631034e-07
ASSAM,KOKRAJHAR,1.6716844300631034e-07
ASSAM,DHUBRI,-2.341272495216091e-07
ASSAM,GOALPARA,1.706087740320238e-07
ASSAM,BONGAIGAON,2.1093953041192297e-07
ASSAM,BARPETA,1.6716844300631034e-07
ASSAM,KAMRUP-RURAL,-3.196950268146199e-07
ASSAM,NALBARI,1.706087740320238e-07
ASSAM,DARRANG,-2.341272495216091e-07
ASSAM,MORIGAON,-2.341272495216091e-07
ASSAM,NAGAON,-2.341272495216091e-07
ASSAM,SONITPUR,1.6716844300631034e-07
ASSAM,LAKHIMPUR,1.6716844300631034e-07
ASSAM,DHEMAJI,-3.196950268146199e-07
ASSAM,TINSUKIA,1.706087740320238e-07
ASSAM,DIBRUGARH,2.1093953041192297e-07
ASSAM,SIBSAGAR,1.706087740320238e-07
ASSAM,JORHAT,-2.341272495216091e-07
ASSAM,GOLAGHAT,2.1093953041192297e-07
ASSAM,KARBI ANGLONG,2.1093953041192297e-07
ASSAM,DIMA HASAO,-3.196950268146199e-07
ASSAM,CACHAR,2.1093953041192297e-07
ASSAM,KARIMGANJ,1.6716844300631034e-07
ASSAM,HAILAKANDI,2.1093953041192297e-07
ASSAM,BAKSA,1.6716844300631034e-07
ASSAM,CHIRANG,1.706087740320238e-07
ASSAM,UDALGURI,1.6716844300631034e-07
ASSAM,KAMRUP-METRO,1.6716844300631034e-07
WEST BENGAL,DARJILING,1.6716844300631034e-07
WEST BENGAL,JALPAIGURI,2.1093953041192297e-07
WEST BENGAL,KOCH BIHAR,1.706087740320238e-07
WEST BENGAL,UTTAR DINAJPUR,1.706087740320238e-07
WEST BENGAL,DAKSHIN DINAJPUR,1.6716844300631034e-07
WEST BENGAL,MALDAH,1.6716844300631034e-07
WEST BENGAL,MURSHIDABAD,2.1093953041192297e-07
WEST BENGAL,BIRBHUM,1.706087740320238e-07
WEST BENGAL,BARDDHAMAN,-2.341272495216091e-07
WEST BENGAL,NADIA,-2.341272495216091e-07
WEST BENGAL,NORTH TWENTY FOUR PARGANAS,2.1093953041192297e-07
WEST BENGAL,HUGLI,-2.341272495216091e-07
WEST BENGAL,BANKURA,2.1093953041192297e-07
WEST BENGAL,PURULIYA,1.706087740320238e-07
WEST BENGAL,HAORA,-3.196950268146199e-07
WEST BENGAL,KOLKATA,-3.196950268146199e-07
WEST BENGAL,SOUTH  TWENTY FOUR PARGANAS,-2.341272495216091e-07
WEST BENGAL,PURBA MEDINIPUR,1.6716844300631034e-07
WEST BENGAL,PASCHIM MEDINIPUR,-2.341272495216091e-07
WEST BENGAL,SILIGURI,-3.196950268146199e-07
JHARKHAND,GARHWA,-3.196950268146199e-07
JHARKHAND,PALAMU,1.706087740320238e-07
JHARKHAND,CHATRA,2.1093953041192297e-07
JHARKHAND,HAZARIBAG,-3.196950268146199e-07
JHARKHAND,KODARMA,-3.196950268146199e-07
JHARKHAND,GIRIDIH,1.706087740320238e-07
JHARKHAND,DEOGHAR,-3.196950268146199e-07
JHARKHAND,GODDA,1.706087740320238e-07
JHARKHAND,SAHIBGANJ,-3.196950268146199e-07
JHARKHAND,PAKAUR,-3.196950268146199e-07
JHARKHAND,DUMKA,2.1093953041192297e-07
JHARKHAND,DHANBAD,2.1093953041192297e-07
JHARKHAND,BOKARO,1.706087740320238e-07
JHARKHAND,RANCHI,-3.196950268146199e-07
JHARKHAND,LOHARDAGA,-2.341272495216091e-07
JHARKHAND,GUMLA,1.706087740320238e-07
JHARKHAND,PASHCHIMI SINGHBHUM,1.706087740320238e-07
JHARKHAND,PURBI SINGHBHUM,-3.196950268146199e-07
JHARKHAND,JAMTARA,-3.196950268146199e-07
JHARKHAND,SARAIKELA-KHARSAWAN,1.706087740320238e-07
JHARKHAND,SIMDEGA,1.6716844300631034e-07
JHARKHAND,LATEHAR,2.1093953041192297e-07
JHARKHAND,KHUNTI,-3.196950268146199e-07
JHARKHAND,RAMGARH,2.1093953041192297e-07
ODISHA,DEOGARH,1.706087740320238e-07
ODISHA,SUNDERGARH,-3.196950268146199e-07
ODISHA,KEONJHAR,1.6716844300631034e-07
ODISHA,MAYURBHANJ,-3.196950268146199e-07
ODISHA,BALASORE,-2.341272495216091e-07
ODISHA,BHADRAK,1.706087740320238e-07
ODISHA,KENDRAPARA,-3.196950268146199e-07
ODISHA,JAGATSINGHPUR,-3.196950268146199e-07
ODISHA,CUTTACK,-3.196950268146199e-07
ODISHA,JAJPUR,-2.341272495216091e-07
ODISHA,DHENKANAL,-3.196950268146199e-07
ODISHA,ANGUL,2.1093953041192297e-07
ODISHA,NAYAGARH,-2.341272495216091e-07
ODISHA,KHORDHA,-2.341272495216091e-07
ODISHA,PURI,1.6716844300631034e-07
ODISHA,GANJAM,-2.341272495216091e-07
ODISHA,GAJAPATI,-3.196950268146199e-07
ODISHA,KANDHAMAL,2.1093953041192297e-07
ODISHA,BOUDH,1.706087740320238e-07
ODISHA,SONEPUR,1.6716844300631034e-07
ODISHA,BOLANGIR,2.1093953041192297e-07
ODISHA,NUAPADA,1.6716844300631034e-07
ODISHA,KALAHANDI,-3.196950268146199e-07
ODISHA,RAYAGADA,2.1093953041192297e-07
ODISHA,NABARANGPUR,1.6716844300631034e-07
ODISHA,KORAPUT,-2.341272495216091e-07
ODISHA,MALKANGIRI,-2.341272495216091e-07
CHHATTISGARH,KORIYA,1.706087740320238e-07
CHHATTISGARH,SURGUJA,2.1093953041192297e-07
CHHATTISGARH,JASHPUR,1.6716844300631034e-07
CHHATTISGARH,RAIGARH (CHHATTISGARH),-3.196950268146199e-07
CHHATTISGARH,KORBA,2.1093953041192297e-07
CHHATTISGARH,JANJGIR - CHAMPA,-3.196950268146199e-07
CHHATTISGARH,BILASPUR (CHHATTISGARH),1.6716844300631034e-07
CHHATTISGARH,KAWARDHA,-3.196950268146199e-07
CHHATTISGARH,RAJNANDGAON,2.1093953041192297e-07
CHHATTISGARH,DURG,-3.196950268146199e-07
CHHATTISGARH,RAIPUR,-3.196950268146199e-07
CHHATTISGARH,MAHASAMUND,1.706087740320238e-07
CHHATTISGARH,DHAMTARI,-2.341272495216091e-07
CHHATTISGARH,KANKER,-3.196950268146199e-07
CHHATTISGARH,BASTER,1.706087740320238e-07
CHHATTISGARH,DANTEWADA,1.6716844300631034e-07
MADHYA PRADESH,SHEOPUR,1.6716844300631034e-07
MADHYA PRADESH,MORENA,-3.196950268146199e-07
MADHYA PRADESH,BHIND,-2.341272495216091e-07
MADHYA PRADESH,GWALIOR,2.1093953041192297e-07
MADHYA PRADESH,DATIA,1.706087740320238e-07
MADHYA PRADESH,SHIVPURI,2.1093953041192297e-07
MADHYA PRADESH,GUNA,1.706087740320238e-07
MADHYA PRADESH,TIKAMGARH,1.6716844300631034e-07
MADHYA PRADESH,CHHATARPUR,-2.341272495216091e-07
MADHYA PRADESH,PANNA,1.706087740320238e-07
MADHYA PRADESH,SAGAR,-3.196950268146199e-07
MADHYA PRADESH,DAMOH,1.6716844300631034e-07
MADHYA PRADESH,SATNA,1.706087740320238e-07
MADHYA PRADESH,REWA,-3.196950268146199e-07
MADHYA PRADESH,UMARIA,-2.341272495216091e-07
MADHYA PRADESH,SHAHDOL,-3.196950268146199e-07
MADHYA PRADESH,SIDHI,1.6716844300631034e-07
MADHYA PRADESH,NEEMUCH,1.706087740320238e-07
MADHYA PRADESH,MANDSAUR,2.1093953041192297e-07
MADHYA PRADESH,RATLAM,-3.196950268146199e-07
MADHYA PRADESH,UJJAIN,1.706087740320238e-07
MADHYA PRADESH,SHAJAPUR,-3.196950268146199e-07
MADHYA PRADESH,DEWAS,1.6716844300631034e-07
MADHYA PRADESH,JHABUA,1.706087740320238e-07
MADHYA PRADESH,DHAR,1.6716844300631034e-07
MADHYA PRADESH,INDORE,1.6716844300631034e-07
MADHYA PRADESH,KHARGONE,1.6716844300631034e-07
MADHYA PRADESH,BARWANI,-3.196950268146199e-07
MADHYA PRADESH,KHANDWA,1.706087740320238e-07
MADHYA PRADESH,RAJGARH,1.706087740320238e-07
MADHYA PRADESH,VIDISHA,1.6716844300631034e-07
MADHYA PRADESH,BHOPAL,-3.196950268146199e-07
MADHYA PRADESH,SEHORE,-2.341272495216091e-07
MADHYA PRADESH,RAISEN,-3.196950268146199e-07
MADHYA PRADESH,BETUL,1.706087740320238e-07
MADHYA PRADESH,HARDA,-3.196950268146199e-07
MADHYA PRADESH,HOSHANGABAD,-2.341272495216091e-07
MADHYA PRADESH,KATNI,1.6716844300631034e-07
MADHYA PRADESH,JABALPUR,1.6716844300631034e-07
MADHYA PRADESH,NARSIMHAPUR,1.706087740320238e-07
MADHYA PRADESH,DINDORI,1.6716844300631034e-07
MADHYA PRADESH,MANDLA,2.1093953041192297e-07
MADHYA PRADESH,CHHINDWARA,1.6716844300631034e-07
MADHYA PRADESH,SEONI,2.1093953041192297e-07
MADHYA PRADESH,BALAGHAT,-2.341272495216091e-07
MADHYA PRADESH,ASHOKNAGAR,-2.341272495216091e-07
MADHYA PRADESH,ANUPPUR,-2.341272495216091e-07
MADHYA PRADESH,BURHANPUR,-3.196950268146199e-07
MADHYA PRADESH,ALIRAJPUR,2.1093953041192297e-07
MADHYA PRADESH,SINGRAULI,1.6716844300631034e-07
GUJARAT,KACHCHH,-3.196950268146199e-07
GUJARAT,BANAS KANTHA,1.6716844300631034e-07
GUJARAT,PATAN,-3.196950268146199e-07
GUJARAT,MAHESANA,2.1093953041192297e-07
GUJARAT,SABAR KANTHA,2.1093953041192297e-07
GUJARAT,GANDHINAGAR,2.1093953041192297e-07
GUJARAT,AHMEDABAD,2.1093953041192297e-07
GUJARAT,SURENDRANAGAR,2.1093953041192297e-07
GUJARAT,RAJKOT,2.1093953041192297e-07
GUJARAT,JAMNAGAR,1.706087740320238e-07
GUJARAT,PORBANDAR,-2.341272495216091e-07
GUJARAT,JUNAGADH,1.706087740320238e-07
GUJARAT,AMRELI,-2.341272495216091e-07
GUJARAT,BHAVNAGAR,2.1093953041192297e-07
GUJARAT,ANAND,1.6716844300631034e-07
GUJARAT,KHEDA,2.1093953041192297e-07
GUJARAT,PANCH MAHALS,-3.196950268146199e-07
GUJARAT,DOHAD,1.6716844300631034e-07
GUJARAT,VADODARA,1.706087740320238e-07
GUJARAT,NARMADA,1.6716844300631034e-07
GUJARAT,BHARUCH,-3.196950268146199e-07
GUJARAT,SURAT,1.706087740320238e-07
GUJARAT,THE DANGS,2.1093953041192297e-07
GUJARAT,NAVSARI,-3.196950268146199e-07
GUJARAT,VALSAD,-2.341272495216091e-07
GUJARAT,TAPI,-3.196950268146199e-07
DAMAN AND DIU,DIU,2.1093953041192297e-07
DAMAN AND DIU,DAMAN,2.1093953041192297e-07
DADRA AND NAGAR HAVELI,DADRA AND NAGAR HAVELI(UT),-2.341272495216091e-07
MAHARASHTRA,NANDURBAR,2.1093953041192297e-07
MAHARASHTRA,DHULE,1.706087740320238e-07
MAHARASHTRA,JALGAON,-3.196950268146199e-07
MAHARASHTRA,BULDANA,1.706087740320238e-07
MAHARASHTRA,AKOLA,1.6716844300631034e-07
MAHARASHTRA,WASHIM,2.1093953041192297e-07
MAHARASHTRA,AMRAVATI,-2.341272495216091e-07
MAHARASHTRA,WARDHA,-2.341272495216091e-07
MAHARASHTRA,NAGPUR,1.6716844300631034e-07
MAHARASHTRA,BHANDARA,1.706087740320238e-07
MAHARASHTRA,GONDIYA,-3.196950268146199e-07
MAHARASHTRA,GADCHIROLI,2.1093953041192297e-07
MAHARASHTRA,CHANDRAPUR,-2.341272495216091e-07
MAHARASHTRA,YAVATMAL,2.1093953041192297e-07
MAHARASHTRA,NANDED,1.6716844300631034e-07
MAHARASHTRA,HINGOLI,1.706087740320238e-07
MAHARASHTRA,PARBHANI,2.1093953041192297e-07
MAHARASHTRA,JALNA,1.706087740320238e-07
MAHARASHTRA,AURANGABAD (MAHARASHTRA),1.706087740320238e-07
MAHARASHTRA,NASHIK,-2.341272495216091e-07
MAHARASHTRA,THANE,1.6716844300631034e-07
MAHARASHTRA,MUMBAI (SUBURBAN),2.1093953041192297e-07
MAHARASHTRA,MUMBAI II,2.1093953041192297e-07
MAHARASHTRA,RAIGARH (MAHARASHTRA),2.1093953041192297e-07
MAHARASHTRA,PUNE,2.1093953041192297e-07
MAHARASHTRA,AHMADNAGAR,-3.196950268146199e-07
MAHARASHTRA,BID,-3.196950268146199e-07
MAHARASHTRA,LATUR,-3.196950268146199e-07
MAHARASHTRA,OSMANABAD,1.706087740320238e-07
MAHARASHTRA,SOLAPUR,-2.341272495216091e-07
MAHARASHTRA,SATARA,-3.196950268146199e-07
MAHARASHTRA,RATNAGIRI,1.706087740320238e-07
MAHARASHTRA,SINDHUDURG,-2.341272495216091e-07
MAHARASHTRA,KOLHAPUR,-2.341272495216091e-07
MAHARASHTRA,SANGLI,-3.196950268146199e-07
ANDHRA PRADESH,SRIKAKULAM,1.706087740320238e-07
ANDHRA PRADESH,VIZIANAGARAM,-2.341272495216091e-07
ANDHRA PRADESH,VISAKHAPATNAM,1.706087740320238e-07
ANDHRA PRADESH,EAST GODAVARI,-2.341272495216091e-07
ANDHRA PRADESH,WEST GODAVARI,1.6716844300631034e-07
ANDHRA PRADESH,KRISHNA,2.1093953041192297e-07
ANDHRA PRADESH,GUNTUR,1.706087740320238e-07
ANDHRA PRADESH,PRAKASAM,2.1093953041192297e-07
ANDHRA PRADESH,NELLORE,-3.196950268146199e-07
ANDHRA PRADESH,Kadapa,-2.341272495216091e-07
ANDHRA PRADESH,KURNOOL,-2.341272495216091e-07
ANDHRA PRADESH,ANANTAPUR,-2.341272495216091e-07
ANDHRA PRADESH,CHITTOOR,2.1093953041192297e-07
KARNATAKA,BELGAUM,-2.341272495216091e-07
KARNATAKA,BAGALKOT,2.1093953041192297e-07
KARNATAKA,BIJAPUR (KARNATAKA),2.1093953041192297e-07
KARNATAKA,GULBARGA,2.1093953041192297e-07
KARNATAKA,BIDAR,1.6716844300631034e-07
KARNATAKA,RAICHUR,1.706087740320238e-07
KARNATAKA,KOPPAL,-2.341272495216091e-07
KARNATAKA,GADAG,1.706087740320238e-07
KARNATAKA,DHARWAD,-2.341272495216091e-07
KARNATAKA,UTTARA KANNADA,-2.341272495216091e-07
KARNATAKA,HAVERI,1.706087740320238e-07
KARNATAKA,BELLARY,1.6716844300631034e-07
KARNATAKA,CHITRADURGA,-3.196950268146199e-07
KARNATAKA,DAVANAGERE,1.706087740320238e-07
KARNATAKA,SHIMOGA,-2.341272495216091e-07
KARNATAKA,UDUPI,-2.341272495216091e-07
KARNATAKA,CHIKKAMANGALORE,1.706087740320238e-07
KARNATAKA,TUMKUR,1.6716844300631034e-07
KARNATAKA,KOLAR,1.6716844300631034e-07
KARNATAKA,BANGALORE RURAL,1.6716844300631034e-07
KARNATAKA,MANDYA,1.706087740320238e-07
KARNATAKA,HASSAN,2.1093953041192297e-07
KARNATAKA,DAKSHINA KANNADA,2.1093953041192297e-07
KARNATAKA,KODAGU,1.706087740320238e-07
KARNATAKA,MYSORE,-2.341272495216091e-07
KARNATAKA,CHAMARAJANAGARA,1.6716844300631034e-07
KARNATAKA,BANGALORE U NORTH,1.6716844300631034e-07
KARNATAKA,CHIKKABALLAPURA,2.1093953041192297e-07
KARNATAKA,RAMANAGARA,-3.196950268146199e-07
KARNATAKA,YADAGIRI,1.6716844300631034e-07
GOA,NORTH GOA,1.6716844300631034e-07
GOA,SOUTH GOA,-3.196950268146199e-07
LAKSHADWEEP,LAKSHADWEEP,-3.196950268146199e-07
KERALA,KASARAGOD,-2.341272495216091e-07
KERALA,KANNUR,1.706087740320238e-07
KERALA,WAYANAD,2.1093953041192297e-07
KERALA,KOZHIKODE,1.706087740320238e-07
KERALA,MALAPPURAM,1.706087740320238e-07
KERALA,PALAKKAD,-3.196950268146199e-07
KERALA,THRISSUR,-3.196950268146199e-07
KERALA,ERNAKULAM,2.1093953041192297e-07
KERALA,IDUKKI,2.1093953041192297e-07
KERALA,KOTTAYAM,-3.196950268146199e-07
KERALA,ALAPPUZHA,2.1093953041192297e-07
KERALA,PATHANAMTHITTA,2.1093953041192297e-07
KERALA,KOLLAM,-2.341272495216091e-07
KERALA,THIRUVANANTHAPURAM,1.706087740320238e-07
TAMIL NADU,THIRUVALLUR,-2.341272495216091e-07
TAMIL NADU,CHENNAI,2.1093953041192297e-07
TAMIL NADU,KANCHEEPURAM,1.706087740320238e-07
TAMIL NADU,VELLORE,2.1093953041192297e-07
TAMIL NADU,DHARMAPURI,1.6716844300631034e-07
TAMIL NADU,TIRUVANNAMALAI,-3.196950268146199e-07
TAMIL NADU,VILUPPURAM,2.1093953041192297e-07
TAMIL NADU,SALEM,-3.196950268146199e-07
TAMIL NADU,NAMAKKAL,2.1093953041192297e-07
TAMIL NADU,ERODE,-3.196950268146199e-07
TAMIL NADU,THE NILGIRIS,-2.341272495216091e-07
TAMIL NADU,COIMBATORE,2.1093953041192297e-07
TAMIL NADU,DINDIGUL,1.706087740320238e-07
TAMIL NADU,KARUR,-2.341272495216091e-07
TAMIL NADU,TIRUCHIRAPPALLI,1.706087740320238e-07
TAMIL NADU,PERAMBALUR,1.706087740320238e-07
TAMIL NADU,CUDDALORE,-3.196950268146199e-07
TAMIL NADU,NAGAPATTINAM,-3.196950268146199e-07
TAMIL NADU,THIRUVARUR,2.1093953041192297e-07
TAMIL NADU,THANJAVUR,2.1093953041192297e-07
TAMIL NADU,PUDUKKOTTAI,1.706087740320238e-07
TAMIL NADU,SIVAGANGA,-3.196950268146199e-07
TAMIL NADU,MADURAI,-2.341272495216091e-07
TAMIL NADU,THENI,1.6716844300631034e-07
TAMIL NADU,VIRUDHUNAGAR,1.6716844300631034e-07
TAMIL NADU,RAMANATHAPURAM,1.6716844300631034e-07
TAMIL NADU,THOOTHUKKUDI,1.706087740320238e-07
TAMIL NADU,TIRUNELVELI,-2.341272495216091e-07
TAMIL NADU,KANNIYAKUMARI,-2.341272495216091e-07
TAMIL NADU,KRISHANAGIRI,1.6716844300631034e-07
PONDICHERRY,YANAM,1.6716844300631034e-07
PONDICHERRY,PONDICHERRY,-2.341272495216091e-07
PONDICHERRY,MAHE,1.706087740320238e-07
PONDICHERRY,KARAIKAL,1.706087740320238e-07
ANDAMAN AND NICOBAR ISLANDS,ANDAMANS,1.6716844300631034e-07
ANDAMAN AND NICOBAR ISLANDS,NICOBARS,1.706087740320238e-07
ANDAMAN AND NICOBAR ISLANDS,MIDDLE AND NORTH ANDAMANS,1.6716844300631034e-07
TELANGANA,ADILABAD,-2.341272495216091e-07
TELANGANA,NIZAMABAD,-3.196950268146199e-07
TELANGANA,KARIMNAGAR,-2.341272495216091e-07
TELANGANA,MEDAK,2.1093953041192297e-07
TELANGANA,HYDERABAD,-2.341272495216091e-07
TELANGANA,RANGA REDDY,1.706087740320238e-07
TELANGANA,MAHBUBNAGAR,1.6716844300631034e-07
TELANGANA,NALGONDA,1.706087740320238e-07
TELANGANA,WARANGAL,1.6716844300631034e-07
TELANGANA,KHAMMAM,-2.341272495216091e-07
